species	family
Carcharhinus_acronotus	Carcharhinidae
Nasolamia_velox	Carcharhinidae
Carcharhinus_isodon	Carcharhinidae
Triaenodon_obesus	Carcharhinidae
Carcharhinus_brachyurus	Carcharhinidae
Carcharhinus_brevipinna	Carcharhinidae
Carcharhinus_macloti	Carcharhinidae
Carcharhinus_borneensis	Carcharhinidae
Carcharhinus_sealei	Carcharhinidae
Carcharhinus_dussumieri	Carcharhinidae
Carcharhinus_leucas	Carcharhinidae
Carcharhinus_galapagensis	Carcharhinidae
Carcharhinus_obscurus	Carcharhinidae
Carcharhinus_longimanus	Carcharhinidae
Carcharhinus_perezii	Carcharhinidae
Carcharhinus_sorrah	Carcharhinidae
Carcharhinus_altimus	Carcharhinidae
Carcharhinus_plumbeus	Carcharhinidae
Prionace_glauca	Carcharhinidae
Carcharhinus_falciformis	Carcharhinidae
Carcharhinus_amblyrhynchos	Carcharhinidae
Carcharhinus_albimarginatus	Carcharhinidae
Carcharhinus_signatus	Carcharhinidae
Carcharhinus_amblyrhynchoides	Carcharhinidae
Carcharhinus_tilstoni	Carcharhinidae
Carcharhinus_limbatus	Carcharhinidae
Carcharhinus_leiodon	Carcharhinidae
Carcharhinus_cautus	Carcharhinidae
Carcharhinus_melanopterus	Carcharhinidae
Carcharhinus_fitzroyensis	Carcharhinidae
Negaprion_brevirostris	Carcharhinidae
Negaprion_acutidens	Carcharhinidae
Glyphis_fowlerae	Carcharhinidae
Glyphis_gangeticus	Carcharhinidae
Glyphis_glyphis	Carcharhinidae
Glyphis_garricki	Carcharhinidae
Lamiopsis_temminckii	Carcharhinidae
Rhizoprionodon_lalandii	Carcharhinidae
Rhizoprionodon_longurio	Carcharhinidae
Rhizoprionodon_terraenovae	Carcharhinidae
Rhizoprionodon_porosus	Carcharhinidae
Rhizoprionodon_taylori	Carcharhinidae
Rhizoprionodon_acutus	Carcharhinidae
Rhizoprionodon_oligolinx	Carcharhinidae
Scoliodon_laticaudus	Carcharhinidae
Scoliodon_macrorhynchos	Carcharhinidae
Loxodon_macrorhinus	Carcharhinidae
Sphyrna_media	Carcharhinidae
Sphyrna_tudes	Carcharhinidae
Sphyrna_tiburo	Carcharhinidae
Sphyrna_corona	Carcharhinidae
Sphyrna_lewini	Carcharhinidae
Sphyrna_zygaena	Carcharhinidae
Sphyrna_mokarran	Carcharhinidae
Eusphyra_blochii	Sphyrnidae
Galeocerdo_cuvier	Carcharhinidae
Hemigaleus_australiensis	Hemigaleidae
Hemigaleus_microstoma	Hemigaleidae
Chaenogaleus_macrostoma	Hemigaleidae
Paragaleus_pectoralis	Hemigaleidae
Hemipristis_elongata	Hemigaleidae
Mustelus_widodoi	Triakidae
Mustelus_ravidus	Triakidae
Mustelus_mosis	Triakidae
Mustelus_lunulatus	Triakidae
Mustelus_mustelus	Triakidae
Mustelus_canis	Triakidae
Mustelus_henlei	Triakidae
Mustelus_norrisi	Triakidae
Mustelus_californicus	Triakidae
Mustelus_sinusmexicanus	Triakidae
Mustelus_punctulatus	Triakidae
Mustelus_lenticulatus	Triakidae
Mustelus_antarcticus	Triakidae
Mustelus_stevensi	Triakidae
Mustelus_asterias	Triakidae
Mustelus_palumbes	Triakidae
Mustelus_manazo	Triakidae
Mustelus_schmitti	Triakidae
Triakis_megalopterus	Triakidae
Scylliogaleus_quecketti	Triakidae
Iago_omanensis	Triakidae
Iago_garricki	Triakidae
Hemitriakis_leucoperiptera	Triakidae
Hemitriakis_japanica	Triakidae
Hemitriakis_complicofasciata	Triakidae
Hemitriakis_falcata	Triakidae
Furgaleus_macki	Triakidae
Triakis_semifasciata	Triakidae
Triakis_scyllium	Triakidae
Hypogaleus_hyugaensis	Triakidae
Galeorhinus_galeus	Triakidae
Gollum_attenuatus	Proscylliidae
Pseudotriakis_microdon	Pseudotriakidae
Proscyllium_habereri	Proscylliidae
Apristurus_manis	Scyliorhinidae
Apristurus_microps	Scyliorhinidae
Apristurus_ampliceps	Scyliorhinidae
Apristurus_pinguis	Scyliorhinidae
Apristurus_profundorum	Scyliorhinidae
Apristurus_albisoma	Scyliorhinidae
Apristurus_fedorovi	Scyliorhinidae
Apristurus_kampae	Scyliorhinidae
Apristurus_aphyodes	Scyliorhinidae
Apristurus_longicephalus	Scyliorhinidae
Apristurus_australis	Scyliorhinidae
Apristurus_sinensis	Scyliorhinidae
Apristurus_platyrhynchus	Scyliorhinidae
Apristurus_melanoasper	Scyliorhinidae
Apristurus_laurussonii	Scyliorhinidae
Apristurus_japonicus	Scyliorhinidae
Apristurus_brunneus	Scyliorhinidae
Apristurus_exsanguis	Scyliorhinidae
Apristurus_macrorhynchus	Scyliorhinidae
Galeus_sauteri	Scyliorhinidae
Galeus_eastmani	Scyliorhinidae
Parmaturus_xaniurus	Scyliorhinidae
Galeus_atlanticus	Scyliorhinidae
Galeus_melastomus	Scyliorhinidae
Galeus_polli	Scyliorhinidae
Galeus_arae	Scyliorhinidae
Galeus_murinus	Scyliorhinidae
Asymbolus_rubiginosus	Scyliorhinidae
Asymbolus_parvus	Scyliorhinidae
Figaro_boardmani	Scyliorhinidae
Bythaelurus_canescens	Scyliorhinidae
Bythaelurus_dawsoni	Scyliorhinidae
Halaelurus_natalensis	Scyliorhinidae
Halaelurus_lineatus	Scyliorhinidae
Halaelurus_sellus	Scyliorhinidae
Haploblepharus_edwardsii	Scyliorhinidae
Holohalaelurus_regani	Scyliorhinidae
Atelomycterus_baliensis	Scyliorhinidae
Atelomycterus_marmoratus	Scyliorhinidae
Atelomycterus_fasciatus	Scyliorhinidae
Atelomycterus_marnkalha	Scyliorhinidae
Aulohalaelurus_labiosus	Scyliorhinidae
Schroederichthys_bivius	Scyliorhinidae
Cephaloscyllium_albipinnum	Scyliorhinidae
Cephaloscyllium_hiscosellum	Scyliorhinidae
Cephaloscyllium_laticeps	Scyliorhinidae
Cephaloscyllium_variegatum	Scyliorhinidae
Cephaloscyllium_umbratile	Scyliorhinidae
Cephaloscyllium_silasi	Scyliorhinidae
Cephaloscyllium_ventriosum	Scyliorhinidae
Scyliorhinus_torazame	Scyliorhinidae
Scyliorhinus_canicula	Scyliorhinidae
Scyliorhinus_stellaris	Scyliorhinidae
Scyliorhinus_retifer	Scyliorhinidae
Scyliorhinus_capensis	Scyliorhinidae
Poroderma_africanum	Scyliorhinidae
Poroderma_pantherinum	Scyliorhinidae
Isurus_paucus	Alopiidae
Isurus_oxyrinchus	Alopiidae
Carcharodon_carcharias	Alopiidae
Lamna_nasus	Alopiidae
Lamna_ditropis	Alopiidae
Cetorhinus_maximus	Alopiidae
Carcharias_taurus	Odontaspididae
Megachasma_pelagios	Megachasmidae
Odontaspis_noronhai	Odontaspididae
Pseudocarcharias_kamoharai	Pseudocarchariidae
Alopias_vulpinus	Alopiidae
Alopias_pelagicus	Alopiidae
Alopias_superciliosus	Alopiidae
Mitsukurina_owstoni	Mitsukurinidae
Chiloscyllium_plagiosum	Hemiscylliidae
Chiloscyllium_indicum	Hemiscylliidae
Chiloscyllium_punctatum	Hemiscylliidae
Chiloscyllium_griseum	Hemiscylliidae
Chiloscyllium_hasseltii	Hemiscylliidae
Hemiscyllium_ocellatum	Hemiscylliidae
Nebrius_ferrugineus	Ginglymostomatidae
Ginglymostoma_cirratum	Ginglymostomatidae
Pseudoginglymostoma_brevicaudatum	Ginglymostomatidae
Stegostoma_fasciatum	Stegostomatidae
Rhincodon_typus	Rhincodontidae
Orectolobus_parvimaculatus	Orectolobidae
Orectolobus_hutchinsi	Orectolobidae
Orectolobus_maculatus	Orectolobidae
Orectolobus_japonicus	Orectolobidae
Orectolobus_ornatus	Orectolobidae
Sutorectus_tentaculatus	Orectolobidae
Orectolobus_floridus	Orectolobidae
Eucrossorhinus_dasypogon	Orectolobidae
Brachaelurus_waddi	Brachaeluridae
Brachaelurus_colcloughi	Brachaeluridae
Parascyllium_collare	Parascylliidae
Heterodontus_portusjacksoni	Heterodontidae
Heterodontus_galeatus	Heterodontidae
Heterodontus_zebra	Heterodontidae
Heterodontus_mexicanus	Heterodontidae
Heterodontus_francisci	Heterodontidae
Etmopterus_spinax	Etmopteridae
Etmopterus_princeps	Etmopteridae
Etmopterus_unicolor	Etmopteridae
Etmopterus_granulosus	Etmopteridae
Etmopterus_dianthus	Etmopteridae
Etmopterus_virens	Etmopteridae
Etmopterus_polli	Etmopteridae
Etmopterus_schultzi	Etmopteridae
Etmopterus_gracilispinis	Etmopteridae
Etmopterus_molleri	Etmopteridae
Etmopterus_dislineatus	Etmopteridae
Etmopterus_lucifer	Etmopteridae
Etmopterus_sheikoi	Etmopteridae
Etmopterus_brachyurus	Etmopteridae
Etmopterus_pusillus	Etmopteridae
Etmopterus_bigelowi	Etmopteridae
Etmopterus_sentosus	Etmopteridae
Etmopterus_fusus	Etmopteridae
Etmopterus_splendidus	Etmopteridae
Etmopterus_pseudosqualiolus	Etmopteridae
Trigonognathus_kabeyai	Etmopteridae
Centroscyllium_fabricii	Etmopteridae
Centroscyllium_ritteri	Etmopteridae
Centroscyllium_nigrum	Etmopteridae
Centroscyllium_granulatum	Etmopteridae
Aculeola_nigra	Etmopteridae
Oxynotus_paradoxus	Oxynotidae
Oxynotus_bruniensis	Oxynotidae
Oxynotus_centrina	Oxynotidae
Scymnodon_ringens	Somniosidae
Centroscymnus_owstonii	Somniosidae
Proscymnodon_plunketi	Somniosidae
Centroscymnus_coelolepis	Somniosidae
Centroselachus_crepidater	Somniosidae
Zameus_squamulosus	Somniosidae
Somniosus_antarcticus	Somniosidae
Somniosus_pacificus	Somniosidae
Somniosus_microcephalus	Somniosidae
Somniosus_rostratus	Somniosidae
Squalus_montalbani	Squalidae
Squalus_mitsukurii	Squalidae
Squalus_chloroculus	Squalidae
Squalus_cubensis	Squalidae
Squalus_grahami	Squalidae
Squalus_edmundsi	Squalidae
Squalus_hemipinnis	Squalidae
Squalus_japonicus	Squalidae
Squalus_nasutus	Squalidae
Squalus_crassispinus	Squalidae
Squalus_megalops	Squalidae
Squalus_brevirostris	Squalidae
Squalus_acanthias	Squalidae
Squalus_suckleyi	Squalidae
Cirrhigaleus_australis	Squalidae
Cirrhigaleus_barbifer	Squalidae
Cirrhigaleus_asper	Squalidae
Euprotomicrus_bispinatus	Dalatiidae
Squaliolus_aliae	Dalatiidae
Squaliolus_laticaudus	Dalatiidae
Dalatias_licha	Dalatiidae
Isistius_brasiliensis	Dalatiidae
Centrophorus_granulosus	Centrophoridae
Centrophorus_squamosus	Centrophoridae
Centrophorus_harrissoni	Centrophoridae
Centrophorus_isodon	Centrophoridae
Centrophorus_moluccensis	Centrophoridae
Centrophorus_zeehaani	Centrophoridae
Centrophorus_atromarginatus	Centrophoridae
Deania_calcea	Centrophoridae
Deania_hystricosa	Centrophoridae
Deania_profundorum	Centrophoridae
Deania_quadrispinosa	Centrophoridae
Squatina_californica	Squatinidae
Squatina_dumeril	Squatinidae
Squatina_occulta	Squatinidae
Squatina_guggenheim	Squatinidae
Squatina_armata	Squatinidae
Squatina_pseudocellata	Squatinidae
Squatina_tergocellata	Squatinidae
Squatina_albipunctata	Squatinidae
Squatina_australis	Squatinidae
Squatina_africana	Squatinidae
Squatina_nebulosa	Squatinidae
Squatina_formosa	Squatinidae
Squatina_legnota	Squatinidae
Squatina_japonica	Squatinidae
Squatina_tergocellatoides	Squatinidae
Squatina_squatina	Squatinidae
Squatina_aculeata	Squatinidae
Pristiophorus_cirratus	Pristiophoridae
Pristiophorus_nudipinnis	Pristiophoridae
Pristiophorus_japonicus	Pristiophoridae
Pliotrema_warreni	Pristiophoridae
Echinorhinus_cookei	Echinorhinidae
Echinorhinus_brucus	Echinorhinidae
Heptranchias_perlo	Hexanchidae
Hexanchus_griseus	Hexanchidae
Notorynchus_cepedianus	Hexanchidae
Chlamydoselachus_anguineus	Chlamydoselachidae
Dasyatis_bennetti	Dasyatidae
Dasyatis_navarrae	Dasyatidae
Dasyatis_laosensis	Dasyatidae
Dasyatis_fluviorum	Dasyatidae
Dasyatis_akajei	Dasyatidae
Dasyatis_izuensis	Dasyatidae
Dasyatis_laevigata	Dasyatidae
Dasyatis_parvonigra	Dasyatidae
Dasyatis_zugei	Dasyatidae
Dasyatis_brevicaudata	Dasyatidae
Dasyatis_matsubarai	Dasyatidae
Pteroplatytrygon_violacea	Dasyatidae
Dasyatis_centroura	Dasyatidae
Dasyatis_thetidis	Dasyatidae
Dasyatis_ushiei	Dasyatidae
Taeniurops_meyeni	Potamotrygonidae
Taeniurops_grabata	Potamotrygonidae
Dasyatis_chrysonota	Dasyatidae
Dasyatis_pastinaca	Dasyatidae
Dasyatis_longa	Dasyatidae
Dasyatis_americana	Dasyatidae
Dasyatis_sabina	Dasyatidae
Dasyatis_say	Dasyatidae
Dasyatis_dipterura	Dasyatidae
Neotrygon_leylandi	Dasyatidae
Neotrygon_picta	Dasyatidae
Neotrygon_kuhlii	Dasyatidae
Neotrygon_ningalooensis	Dasyatidae
Neotrygon_annotata	Dasyatidae
Taeniura_lymma	Potamotrygonidae
Himantura_uarnak	Dasyatidae
Himantura_undulata	Dasyatidae
Himantura_leoparda	Dasyatidae
Himantura_toshi	Dasyatidae
Himantura_astra	Dasyatidae
Himantura_pastinacoides	Dasyatidae
Himantura_fai	Dasyatidae
Himantura_hortlei	Dasyatidae
Dasyatis_lata	Dasyatidae
Himantura_imbricata	Dasyatidae
Himantura_walga	Dasyatidae
Himantura_gerrardi	Dasyatidae
Himantura_signifer	Dasyatidae
Himantura_oxyrhyncha	Dasyatidae
Himantura_uarnacoides	Dasyatidae
Himantura_jenkinsii	Dasyatidae
Urogymnus_asperrimus	Dasyatidae
Himantura_polylepis	Dasyatidae
Himantura_granulata	Dasyatidae
Himantura_lobistoma	Dasyatidae
Dasyatis_margarita	Dasyatidae
Dasyatis_margaritella	Dasyatidae
Dasyatis_microps	Dasyatidae
Pastinachus_solocirostris	Dasyatidae
Pastinachus_stellurostris	Dasyatidae
Pastinachus_atrus	Dasyatidae
Pastinachus_gracilicaudus	Dasyatidae
Pastinachus_sephen	Dasyatidae
Potamotrygon_yepezi	Potamotrygonidae
Plesiotrygon_iwamae	Potamotrygonidae
Potamotrygon_castexi	Potamotrygonidae
Potamotrygon_orbignyi	Potamotrygonidae
Potamotrygon_motoro	Potamotrygonidae
Potamotrygon_henlei	Potamotrygonidae
Potamotrygon_falkneri	Potamotrygonidae
Paratrygon_aiereba	Potamotrygonidae
Himantura_pacifica	Potamotrygonidae
Himantura_schmardae	Potamotrygonidae
Urobatis_concentricus	Urotrygonidae
Urobatis_maculatus	Urotrygonidae
Urobatis_halleri	Urotrygonidae
Urobatis_jamaicensis	Urotrygonidae
Urotrygon_rogersi	Urotrygonidae
Mobula_thurstoni	Myliobatidae
Mobula_kuhlii	Myliobatidae
Mobula_japanica	Myliobatidae
Mobula_tarapacana	Myliobatidae
Manta_birostris	Myliobatidae
Mobula_munkiana	Myliobatidae
Mobula_hypostoma	Myliobatidae
Rhinoptera_neglecta	Myliobatidae
Rhinoptera_javanica	Myliobatidae
Rhinoptera_bonasus	Myliobatidae
Rhinoptera_steindachneri	Myliobatidae
Rhinoptera_jayakari	Myliobatidae
Myliobatis_tobijei	Myliobatidae
Myliobatis_aquila	Myliobatidae
Myliobatis_goodei	Myliobatidae
Myliobatis_freminvillei	Myliobatidae
Myliobatis_longirostris	Myliobatidae
Myliobatis_californicus	Myliobatidae
Myliobatis_australis	Myliobatidae
Aetomylaeus_maculatus	Myliobatidae
Pteromylaeus_bovinus	Myliobatidae
Aetomylaeus_vespertilio	Myliobatidae
Aetobatus_narinari	Myliobatidae
Aetobatus_flagellum	Myliobatidae
Urolophus_cruciatus	Urolophidae
Urolophus_sufflavus	Urolophidae
Urolophus_lobatus	Urolophidae
Urolophus_paucimaculatus	Urolophidae
Urolophus_kapalensis	Urolophidae
Urolophus_westraliensis	Urolophidae
Urolophus_aurantiacus	Urolophidae
Urolophus_expansus	Urolophidae
Urolophus_viridis	Urolophidae
Urolophus_flavomosaicus	Urolophidae
Urolophus_bucculentus	Urolophidae
Trygonoptera_mucosa	Urolophidae
Trygonoptera_imitata	Urolophidae
Trygonoptera_testacea	Urolophidae
Trygonoptera_personata	Urolophidae
Trygonoptera_ovalis	Urolophidae
Plesiobatis_daviesi	Plesiobatidae
Gymnura_zonura	Gymnuridae
Gymnura_poecilura	Gymnuridae
Gymnura_australis	Gymnuridae
Gymnura_japonica	Gymnuridae
Gymnura_micrura	Gymnuridae
Gymnura_altavela	Gymnuridae
Gymnura_marmorata	Gymnuridae
Gymnura_crebripunctata	Gymnuridae
Hexatrygon_bickelli	Hexatrygonidae
Zanobatus_schoenleinii	Zanobatidae
Rhinobatos_formosensis	Glaucostegidae
Rhinobatos_schlegelii	Rhinobatidae
Rhinobatos_hynnicephalus	Rhinobatidae
Rhinobatos_punctifer	Rhinobatidae
Rhinobatos_penggali	Rhinobatidae
Rhinobatos_jimbaranensis	Rhinobatidae
Acroteriobatus_variegatus	Rhinobatidae
Rhinobatos_annandalei	Rhinobatidae
Acroteriobatus_annulatus	Rhinobatidae
Rhinobatos_rhinobatos	Rhinobatidae
Rhinobatos_productus	Rhinobatidae
Rhinobatos_glaucostigma	Rhinobatidae
Rhinobatos_horkelii	Rhinobatidae
Rhinobatos_percellens	Rhinobatidae
Rhinobatos_lentiginosus	Rhinobatidae
Pristis_pectinata	Pristidae
Pristis_zijsron	Pristidae
Pristis_clavata	Pristidae
Pristis_pristis	Pristidae
Anoxypristis_cuspidata	Pristidae
Glaucostegus_thouin	Glaucostegidae
Glaucostegus_typus	Glaucostegidae
Glaucostegus_cemiculus	Glaucostegidae
Rhynchobatus_australiae	Rhynchobatidae
Rhynchobatus_djiddensis	Rhynchobatidae
Rhynchobatus_laevis	Rhynchobatidae
Rhynchobatus_palpebratus	Rhynchobatidae
Rhina_ancylostoma	Rhinidae
Aptychotrema_vincentiana	Rhinobatidae
Aptychotrema_rostrata	Rhinobatidae
Zapteryx_exasperata	Rhinobatidae
Zapteryx_brevirostris	Rhinobatidae
Trygonorrhina_fasciata	Rhinobatidae
Torpedo_torpedo	Torpedinidae
Torpedo_fuscomaculata	Torpedinidae
Torpedo_sinuspersici	Torpedinidae
Torpedo_mackayana	Torpedinidae
Torpedo_marmorata	Torpedinidae
Torpedo_tokionis	Torpedinidae
Torpedo_nobiliana	Torpedinidae
Torpedo_macneilli	Torpedinidae
Torpedo_californica	Torpedinidae
Diplobatis_ommata	Narcinidae
Typhlonarke_aysoni	Narkidae
Narcine_tasmaniensis	Narcinidae
Narcine_lasti	Narcinidae
Narcine_westraliensis	Narcinidae
Narcine_entemedor	Narcinidae
Narcine_timlei	Narcinidae
Narcine_brevilabiata	Narcinidae
Narcine_brunnea	Narcinidae
Platyrhina_sinensis	Platyrhinidae
Platyrhinoidis_triseriata	Platyrhinidae
Dentiraja_lemprieri	Rajidae
Dipturus_australis	Rajidae
Dipturus_confusus	Rajidae
Dipturus_cerva	Rajidae
Dipturus_innominatus	Rajidae
Dipturus_gudgeri	Rajidae
Dipturus_tengu	Rajidae
Dipturus_macrocauda	Rajidae
Dipturus_healdi	Rajidae
Dipturus_leptocaudus	Rajidae
Dipturus_trachydermus	Rajidae
Zearaja_nasuta	Rajidae
Dipturus_springeri	Rajidae
Dipturus_oxyrinchus	Rajidae
Dipturus_batis	Rajidae
Dipturus_laevis	Rajidae
Dipturus_pullopunctata	Rajidae
Dipturus_kwangtungensis	Rajidae
Beringraja_pulchra	Rajidae
Beringraja_binoculata	Rajidae
Raja_inornata	Rajidae
Raja_rhina	Rajidae
Raja_stellulata	Rajidae
Hongeo_koreana	Rajidae
Okamejei_kenojei	Rajidae
Okamejei_boesemani	Rajidae
Okamejei_cairae	Rajidae
Okamejei_acutispina	Rajidae
Okamejei_hollandi	Rajidae
Okamejei_meerdervoortii	Rajidae
Raja_maderensis	Rajidae
Raja_clavata	Rajidae
Raja_straeleni	Rajidae
Raja_radula	Rajidae
Raja_asterias	Rajidae
Raja_brachyura	Rajidae
Raja_microocellata	Rajidae
Raja_montagui	Rajidae
Raja_miraletus	Rajidae
Raja_undulata	Rajidae
Rajella_fyllae	Rajidae
Rajella_caudaspinosa	Rajidae
Rajella_bigelowi	Rajidae
Rajella_bathyphila	Rajidae
Rajella_kukujevi	Rajidae
Rajella_barnardi	Rajidae
Rajella_leopardus	Rajidae
Amblyraja_hyperborea	Rajidae
Amblyraja_badia	Rajidae
Amblyraja_jenseni	Rajidae
Amblyraja_doellojuradoi	Rajidae
Amblyraja_radiata	Rajidae
Leucoraja_ocellata	Rajidae
Leucoraja_erinacea	Rajidae
Leucoraja_garmani	Rajidae
Leucoraja_melitensis	Rajidae
Leucoraja_circularis	Rajidae
Leucoraja_wallacei	Rajidae
Leucoraja_naevus	Rajidae
Leucoraja_fullonica	Rajidae
Rostroraja_alba	Rajidae
Raja_velezi	Rajidae
Okamejei_jensenae	Rajidae
Neoraja_caerulea	Rajidae
Malacoraja_kreffti	Rajidae
Rhinoraja_macloviana	Arhynchobatidae
Rhinoraja_albomaculata	Arhynchobatidae
Bathyraja_brachyurops	Arhynchobatidae
Rhinoraja_magellanica	Arhynchobatidae
Bathyraja_cousseauae	Arhynchobatidae
Bathyraja_meridionalis	Arhynchobatidae
Bathyraja_griseocauda	Arhynchobatidae
Bathyraja_irrasa	Arhynchobatidae
Rhinoraja_murrayi	Arhynchobatidae
Bathyraja_spinicauda	Arhynchobatidae
Bathyraja_shuntovi	Arhynchobatidae
Bathyraja_maccaini	Arhynchobatidae
Bathyraja_lindbergi	Arhynchobatidae
Bathyraja_maculata	Arhynchobatidae
Bathyraja_trachura	Arhynchobatidae
Rhinoraja_multispinis	Arhynchobatidae
Bathyraja_richardsoni	Arhynchobatidae
Bathyraja_aleutica	Arhynchobatidae
Bathyraja_abyssicola	Arhynchobatidae
Bathyraja_kincaidii	Arhynchobatidae
Bathyraja_violacea	Arhynchobatidae
Bathyraja_mariposa	Arhynchobatidae
Rhinoraja_taranetzi	Arhynchobatidae
Bathyraja_minispinosa	Arhynchobatidae
Bathyraja_parmifera	Arhynchobatidae
Bathyraja_smirnovi	Arhynchobatidae
Bathyraja_scaphiops	Arhynchobatidae
Bathyraja_pallida	Arhynchobatidae
Brochiraja_spinifera	Rajidae
Brochiraja_asperula	Rajidae
Brochiraja_albilabiata	Rajidae
Brochiraja_leviveneta	Rajidae
Brochiraja_microspinifera	Rajidae
Insentiraja_subtilispinosa	Arhynchobatidae
Notoraja_azurea	Arhynchobatidae
Pavoraja_nitida	Arhynchobatidae
Pavoraja_alleni	Arhynchobatidae
Irolita_waitii	Arhynchobatidae
Psammobatis_lentiginosa	Arhynchobatidae
Psammobatis_rudis	Arhynchobatidae
Sympterygia_acuta	Arhynchobatidae
Sympterygia_bonapartii	Arhynchobatidae
Arhynchobatis_asperrimus	Arhynchobatidae
Atlantoraja_cyclophora	Arhynchobatidae
Atlantoraja_platana	Arhynchobatidae
Atlantoraja_castelnaui	Arhynchobatidae
Rioraja_agassizii	Arhynchobatidae
Cruriraja_parcomaculata	Rajidae
Cruriraja_hulleyi	Rajidae
Sinobatis_borneensis	Anacanthobatidae
Hydrolagus_mirabilis	Chimaeridae
Hydrolagus_affinis	Chimaeridae
Hydrolagus_trolli	Chimaeridae
Hydrolagus_novaezealandiae	Chimaeridae
Chimaera_monstrosa	Chimaeridae
Chimaera_lignaria	Chimaeridae
Chimaera_opalescens	Chimaeridae
Chimaera_panthera	Chimaeridae
Hydrolagus_bemisi	Chimaeridae
Chimaera_fulva	Chimaeridae
Hydrolagus_melanophasma	Chimaeridae
Hydrolagus_africanus	Chimaeridae
Hydrolagus_mitsukurii	Chimaeridae
Hydrolagus_lemures	Chimaeridae
Hydrolagus_ogilbyi	Chimaeridae
Chimaera_phantasma	Chimaeridae
Hydrolagus_colliei	Chimaeridae
Hydrolagus_barbouri	Chimaeridae
Rhinochimaera_africana	Rhinochimaeridae
Rhinochimaera_pacifica	Rhinochimaeridae
Harriotta_raleighana	Rhinochimaeridae
Neoharriotta_pinnata	Rhinochimaeridae
Callorhinchus_capensis	Callorhinchidae
Callorhinchus_milii	Callorhinchidae
Callorhinchus_callorynchus	Callorhinchidae
